"def_name","visibility","target_label","target_prerequisites","action","notes"
"ES_HygienicConcept","VISIBLE","衛生・清潔の経験知","","REINTERPRET","Plumbing/germ-theory framingを外す"
"ES_MedievalFixtures","VISIBLE","洗浄・入浴設備","ES_HygienicConcept;ES_BoilWater","SPLIT_OUTPUTS","WashingKit/Bathtubのみ; sewer-only outputsを外す"
"ES_ManualPumps","HIDE","","","HIDE","piston hand pump branch outside baseline"
"ES_WindPumps","HIDE","","","HIDE","wind pump branch outside baseline"
"ES_AnimalSupplies","CONDITIONAL","","","SPLIT_OUTPUTS","historically neutral livestock-water outputs only if useful"
"ES_BasicIrrigation","VISIBLE","基礎灌漑","DankPyon_BasicAgriculture","KEEP_REPOSITION","MO/Japanization profileで農耕へ接続"
"ES_IntermediateIrrigation","VISIBLE","灌漑水路","ES_BasicIrrigation","REINTERPRET","Plumbing prerequisiteを削除"
"ES_BoilWater","VISIBLE","湯沸かし","","KEEP_EARLY","modern plumbing prerequisiteなし"
"PrimitiveWell","VISIBLE","井戸","","KEEP","preferred low-tech DBH inlet"
"ES_ExcretionPit","VISIBLE","厠・排泄坑","","KEEP","primitive latrine abstraction"
"ES_ManualPump","HIDE","","ES_ManualPumps","HIDE","ThingDef hidden"
"WindPump","HIDE","","ES_WindPumps","HIDE","remove DankPyon_Windmill prerequisite rather than reroute"
"ES_WashingKit","VISIBLE","洗浄用具","ES_MedievalFixtures","REINTERPRET","basin/jug/cloth presentation"
"ES_SimpleBathtub","VISIBLE","湯槽","ES_MedievalFixtures","REINTERPRET","premodern wooden bath vessel"
"ES_SimpleToilet","HIDE","","ES_MedievalFixtures","HIDE","sewer-connected fixture"
"ES_FilterDevice","HIDE","","","HIDE","continuous PipeNet filtration building"
"ES_Filter","HIDE","","","HIDE","filter consumable follows hidden device"
"SewageOutlet","HIDE","","","REMOVE_FROM_MEDIEVAL_FIXTURES","not baseline medieval Japanese infrastructure"
"ElectricPumps","LATER_TECH_BYPASS","","Electricity","BYPASS_HIDDEN_MEDIEVAL_PUMPS","when Industrial later tech is deliberately enabled"
"ModernFixtures","LATER_TECH_BYPASS","","ES_MedievalFixtures","KEEP_LATER_PATH","later-tech continuity only"
"SepticTanks","LATER_TECH_BYPASS","","","RESTORE_LATER_TECH_SEMANTICS","do not preserve medieval water-purification reinterpretation"
