"research_def","visibility","target_label","target_prerequisites","action","notes"
"DankPyon_Lumber","VISIBLE","木工","","KEEP","基礎木工"
"DankPyon_RusticFurniture","VISIBLE","生活木工・建具","DankPyon_Lumber","REINTERPRET","西欧rustic家具を日本の生活木工へ"
"DankPyon_RoyalRusticFurniture","VISIBLE","上層調度・格式建築","ComplexFurniture;Stonecutting","REINTERPRET","Royal家具はDef単位で日本化"
"DankPyon_RusticStorage","VISIBLE","収納・保管","DankPyon_RusticFurniture","REINTERPRET","木箱・棚・容器へ"
"DankPyon_Presser","VISIBLE","圧搾加工","DankPyon_Lumber","SPLIT_OUTPUTS","紙press等を残しチーズ等は個別選別"
"DankPyon_CarrierBirds","HIDE","","","HIDE","通常進行から除外"
"DankPyon_Exploration","CONDITIONAL","旅支度・測量・探索","","REINTERPRET","CarrierBirds前提を除去;固有出力が残る場合のみ表示"
"DankPyon_LeatherTanning","VISIBLE","皮革加工","","KEEP","古代基盤"
"DankPyon_TextileSpinning","VISIBLE","紡績・苧績み","","REINTERPRET","紡錘・手紡ぎ基準"
"DankPyon_Silk","VISIBLE","養蚕・絹","DankPyon_TextileSpinning","REPOSITION","早期化"
"DankPyon_CandleMaking","CONDITIONAL","蝋燭製造","","REPOSITION","中世後期の任意枝;基本照明をgateしない"
"DankPyon_Jewelry","VISIBLE","飾金具・装身具","Smithing","REINTERPRET","西欧宝飾をそのまま残さない"
"DankPyon_Engineering","VISIBLE","機構・土木","DankPyon_Lumber;Stonecutting;Smithing","REINTERPRET","高位機構のみ"
"DankPyon_Mining","VISIBLE","採鉱","","KEEP","資源供給そのものは別責務"
"DankPyon_Windmill","HIDE","","","HIDE","動力風車は対象外"
"DankPyon_Watermill","VISIBLE","水車製粉","DankPyon_BasicAgriculture;DankPyon_Lumber","REPOSITION","製粉のみ;2x製材Processは除外"
"DankPyon_Crossbow","VISIBLE","弩","DankPyon_Lumber;Smithing","REINTERPRET","古代軍事へ"
"DankPyon_HeavyCrossbow","VISIBLE","強弩","DankPyon_Crossbow","REINTERPRET","より強い携行弩"
"DankPyon_Ballista","HIDE","","","HIDE","Scorpioへ据置弩役割を集約"
"DankPyon_Trebuchet","HIDE","","","HIDE","国内標準研究から除外"
"DankPyon_RepeaterBallista","HIDE","","","HIDE","国内標準研究から除外"
"DankPyon_Alchemy","HIDE","","","HIDE","Steel/Tar/Gunpowder分離後はfantasy錬金術を維持しない"
"DankPyon_Steel","VISIBLE","鋼加工","Smithing","REPOSITION","Ironmakingの製鉄loopは所有しない"
"DankPyon_Plasteel","HIDE","","","HIDE","Mithril/fantasy branch"
"DankPyon_Tar","HIDE","","","HIDE","通常進行から除外"
"DankPyon_Gunpowder","VISIBLE","火薬・火縄銃","Smithing","REPOSITION","戦国末期;Alchemyから分離"
"DankPyon_ProtectiveClothing","VISIBLE","甲冑製作","Smithing;DankPyon_TextileSpinning","REINTERPRET","挂甲・胴丸等の基盤"
"DankPyon_ChainArmor","VISIBLE","鎖帷子","DankPyon_ProtectiveClothing;Smithing","REINTERPRET","PlateArmorへの必須線を切る"
"DankPyon_HuntingBow","VISIBLE","弓製作・狩猟弓","DankPyon_Lumber","REINTERPRET","軽量弓"
"DankPyon_WarBow","VISIBLE","軍用和弓","RecurveBow","REINTERPRET","Settlement Archerの標準"
"DankPyon_BasicPolearms","VISIBLE","鉾・初期長柄武器","Smithing;DankPyon_Lumber","REINTERPRET","鉾carrier"
"DankPyon_MilitaryPolearms","VISIBLE","槍・薙刀・長槍","DankPyon_BasicPolearms","REINTERPRET","Polehammer金砕棒も必要ならここへ"
"DankPyon_NoblePolearms","HIDE","","","MERGE_OUTPUTS","残す武器はMilitaryPolearmsへ"
"DankPyon_BasicMaces","HIDE","","","MERGE_OUTPUTS","3段mace ladder撤去"
"DankPyon_MilitaryMaces","HIDE","","","MERGE_OUTPUTS","金砕棒carrierだけ別nodeへ移す"
"DankPyon_NobleMaces","HIDE","","","MERGE_OUTPUTS","Noble tier撤去"
"DankPyon_BasicBlades","VISIBLE","刃物・工具","Smithing","REINTERPRET","utility blades"
"DankPyon_MilitaryBlades","VISIBLE","太刀鍛造","DankPyon_BasicBlades","REINTERPRET","ArmingSword->太刀"
"DankPyon_BasicAgriculture","VISIBLE","農耕","","REINTERPRET","汎用農耕基盤"
"DankPyon_IntermediateAgriculture","HIDE","","","MERGE_OUTPUTS","抽象tier撤去"
"DankPyon_AdvancedAgriculture","HIDE","","","MERGE_OUTPUTS","抽象tier撤去"
"DankPyon_TreeGriffonBerry","HIDE","","","HIDE","fantasy crop"
"DankPyon_PlowedSoil","VISIBLE","耕起","DankPyon_BasicAgriculture","REPOSITION","前倒し"
"DankPyon_BasicCooking","VISIBLE","基礎調理","","REINTERPRET","料理Recipeは個別選別"
"DankPyon_IntermediateCooking","HIDE","","","MERGE_OUTPUTS","工程nodeへ再配分"
"DankPyon_AdvancedCooking","HIDE","","","MERGE_OUTPUTS","工程nodeへ再配分"
"DankPyon_Smoker","HIDE","","","HIDE","baseline preservationから除外"
"DankPyon_Grill","VISIBLE","直火焼き","DankPyon_BasicCooking","REINTERPRET","炉端/直火"
"DankPyon_StewPot","VISIBLE","煮炊き","DankPyon_BasicCooking","REINTERPRET","鍋料理"
"DankPyon_Oven","HIDE","","","CONDITIONAL_OUTPUT","late-contact用途が成立した場合のみ再検討"
"DankPyon_AdornedArmor","VISIBLE","装飾甲冑","PlateArmor;DankPyon_Jewelry","REINTERPRET","高品質/格式枝"
"Devilstrand","DETACH_VANILLA","","","DETACH_FROM_MO_TREE","Vanilla Defを削除せずMO歴史treeから退避"
"PsychoidBrewing","DETACH_VANILLA","","","DETACH_FROM_MO_TREE","同上"
"Smithing","VISIBLE","鍛冶","","REPOSITION","金属加工中核"
"CarpetMaking","DETACH_VANILLA","","","DETACH_FROM_MO_TREE","畳へ改名しない"
"PassiveCooler","DETACH_VANILLA","","","DETACH_FROM_MO_TREE","MO日本史treeから退避"
"ComplexFurniture","VISIBLE","指物・上等調度","DankPyon_RusticFurniture","REINTERPRET","Royal furniture前段"
"TreeSowing","VISIBLE","樹木栽培","DankPyon_BasicAgriculture","KEEP","種別は各owner監査"
"Cocoa","VISIBLE","果樹栽培","TreeSowing","REINTERPRET","Cocoa固有意味を切る"
"Pemmican","VISIBLE","食品保存","DankPyon_BasicCooking","REINTERPRET","Pemmican自体を日本食へ見せ替えない"
"Brewing","DETACH_OWNER","","","EXTERNAL_OWNER","future Brewing/Fermentation ownerの研究へ"
"Stonecutting","VISIBLE","石材加工","","KEEP","RusticFurniture必須線は不要"
"RecurveBow","VISIBLE","弓術","DankPyon_HuntingBow","REINTERPRET","和弓軍用化への中核"
"Greatbow","DETACH_VANILLA","","","DETACH_FROM_MO_TREE","Bow_Warとの差が必要なら後で再監査;Def自体は削除しない"
"ComplexClothing","VISIBLE","裁縫","DankPyon_TextileSpinning","REINTERPRET","full clothing packは所有しない"
"PlateArmor","VISIBLE","当世具足","DankPyon_ProtectiveClothing;DankPyon_Steel","REINTERPRET","ChainArmor必須を撤回"
"LongBlades","VISIBLE","中世刀剣発達","DankPyon_MilitaryBlades","REINTERPRET","打刀・大太刀carrierを集約"
